{
  "navigation_clicked": 2844.7070909,
  "widget_created": 2823.7564109,
  "ui_initialized": 2823.9138792,
  "first_paint": 2844.7508372,
  "page_visible": 2844.7303897
}